Book Id,Title,Author,Author l-f,Additional Authors,ISBN,ISBN13,My Rating,Average Rating,Publisher,Binding,Number of Pages,Year Published,Original Publication Year,Date Read,Date Added,Bookshelves,Bookshelves with positions,Exclusive Shelf,My Review,Spoiler,Private Notes,Read Count,Recommended For,Recommended By,Owned Copies,Original Purchase Date,Original Purchase Location,Condition,Condition Description,BCID
55165547,"A Cyborg Manifesto: Science, Technology, and Socialist-Feminism in the Late Twentieth Century",Donna J. Haraway,"Haraway, Donna J.",,"=""""","=""""",0,3.90,,Unknown Binding,84,,1985,,2020/12/30,to-read,to-read (#79),to-read,,,,0,,,0,,,,,
46170,For Whom the Bell Tolls,Ernest Hemingway,"Hemingway, Ernest",,"=""""","=""""",0,3.97,Scribner,Paperback,471,1995,1940,,2020/12/28,to-read,to-read (#78),to-read,,,,0,,,0,,,,,
4631,A Moveable Feast,Ernest Hemingway,"Hemingway, Ernest",,"=""""","=""""",0,4.03,Vintage,Paperback,192,2012,1964,,2020/12/28,to-read,to-read (#77),to-read,,,,0,,,0,,,,,
6792458,The New Jim Crow: Mass Incarceration in the Age of Colorblindness,Michelle Alexander,"Alexander, Michelle",,"=""""","=""""",0,4.47,The New Press Inc.,Hardcover,290,2010,2010,,2020/06/02,currently-reading,currently-reading (#14),currently-reading,,,,1,,,0,,,,,
2165,The Old Man and the Sea,Ernest Hemingway,"Hemingway, Ernest",,"=""0684830493""","=""9780684830490""",5,3.78,Scribner,Hardcover,96,1996,1952,2020/12/28,2020/12/28,,,read,,,,1,,,0,,,,,
46164,Tender Is the Night,F. Scott Fitzgerald,"Fitzgerald, F. Scott",Amor Towles,"=""068480154X""","=""9780684801544""",4,3.81,Scribner,Paperback,315,1995,1934,2020/12/24,2020/12/07,,,read,,,,1,,,0,,,,,
13629,The Mythical Man-Month: Essays on Software Engineering,Frederick P. Brooks Jr.,"Jr., Frederick P. Brooks",,"=""0201835959""","=""9780201835953""",0,4.04,Addison-Wesley Professional,Paperback,322,1995,1975,,2020/12/21,to-read,to-read (#76),to-read,,,,0,,,0,,,,,
44492286,"Children of Dune (Dune Chronicles, #3)",Frank Herbert,"Herbert, Frank",,"=""0593098242""","=""9780593098240""",5,3.94,Ace Books,Paperback,609,2019,1976,2020/12/19,2020/12/04,,,read,,,,1,,,0,,,,,
18114322,The Grapes of Wrath,John Steinbeck,"Steinbeck, John",,"=""067001690X""","=""9780670016907""",0,3.97,Viking,Hardcover,479,2014,1939,,2020/07/05,currently-reading,currently-reading (#13),currently-reading,,,,1,,,0,,,,,
827,"The Diamond Age: Or, a Young Lady's Illustrated Primer",Neal Stephenson,"Stephenson, Neal",Pedro Jorge Romero,"=""0553380966""","=""9780553380965""",0,4.16,Spectra,Paperback,499,2000,1995,,2020/12/14,currently-reading,currently-reading (#12),currently-reading,,,,1,,,0,,,,,
27333,Silent Spring,Rachel Carson,"Carson, Rachel","Linda Lear, Edward O. Wilson","=""0618249060""","=""9780618249060""",0,3.98,Mariner Books,Paperback,378,2002,1962,,2020/08/14,currently-reading,currently-reading (#11),currently-reading,,,,1,,,0,,,,,
40180098,The Overstory,Richard Powers,"Powers, Richard",,"=""039335668X""","=""9780393356687""",0,4.12,W.W. Norton & Company,Paperback,502,2019,2018,,2020/12/18,to-read,to-read (#75),to-read,,,,0,,,0,,,,,
4900,Heart of Darkness,Joseph Conrad,"Conrad, Joseph",Aníbal Fernandes,"=""1892295490""","=""9781892295491""",4,3.43,Green Integer,Paperback,188,2003,1899,2020/12/07,2020/12/06,,,read,,,,1,,,0,,,,,
40651883,Snow Crash,Neal Stephenson,"Stephenson, Neal",,"=""""","=""""",0,4.02,Spectra,Kindle Edition,559,2003,1992,,2020/12/16,to-read,to-read (#74),to-read,,,,0,,,0,,,,,
44936,Refactoring: Improving the Design of Existing Code,Martin Fowler,"Fowler, Martin","Kent Beck, Don Roberts, Erich Gamma","=""0201485672""","=""9780201485677""",0,4.25,Addison-Wesley Professional,Hardcover,431,1999,1999,,2020/12/16,to-read,to-read (#73),to-read,,,,0,,,0,,,,,
4845,Code Complete,Steve McConnell,"McConnell, Steve",,"=""0735619670""","=""9780735619678""",0,4.29,Microsoft Press,Paperback,914,2004,1993,,2020/12/16,to-read,to-read (#72),to-read,,,,0,,,0,,,,,
10477975,"100 Plus: How the Coming Age of Longevity Will Change Everything, from Careers and Relationships to Family and Faith",Sonia Arrison,"Arrison, Sonia",,"=""0465019668""","=""9780465019663""",0,3.39,Basic Books,Hardcover,272,2011,2011,,2020/12/14,to-read,to-read (#71),to-read,,,,0,,,0,,,,,
10959,Sophie's World,Jostein Gaarder,"Gaarder, Jostein",Paulette Møller,"=""1857993284""","=""9781857993288""",0,3.93,Phoenix,Paperback,403,1995,1991,,2020/12/14,to-read,to-read (#70),to-read,,,,0,,,0,,,,,
40611328,Ishmael,Daniel Quinn,"Quinn, Daniel",,"=""""","=""""",0,3.98,Bantam,Kindle Edition,338,2009,1992,,2020/12/13,to-read,to-read (#69),to-read,,,,0,,,0,,,,,
393199,Down and Out in Paris and London,George Orwell,"Orwell, George",,"=""015626224X""","=""9780156262248""",0,4.08,Mariner Books,Paperback,213,1972,1933,,2020/12/13,to-read,to-read (#68),to-read,,,,0,,,0,,,,,
41793,Hackers & Painters: Big Ideas from the Computer Age,Paul    Graham,"Graham, Paul","Allen Noren, Matt Hutchinson","=""0596006624""","=""9780596006624""",0,4.05,O'Reilly Media,Hardcover,272,2004,2004,,2020/12/13,to-read,to-read (#67),to-read,,,,0,,,0,,,,,
72011,Free Culture: The Nature and Future of Creativity,Lawrence Lessig,"Lessig, Lawrence",,"=""0143034650""","=""9780143034650""",0,4.11,Penguin Books,Paperback,368,2005,2004,,2020/12/13,to-read,to-read (#66),to-read,,,,0,,,0,,,,,
134825,The Cathedral & the Bazaar: Musings on Linux and Open Source by an Accidental Revolutionary,Eric S. Raymond,"Raymond, Eric S.",Bob Young,"=""0596001088""","=""9780596001087""",0,3.81,O'Reilly Media,Paperback,241,2001,1999,,2020/12/13,to-read,to-read (#65),to-read,,,,0,,,0,,,,,
942560,"Free Software, Free Society: Selected Essays",Richard M. Stallman,"Stallman, Richard M.","Lawrence Lessig, Joshua Gay","=""1882114981""","=""9781882114986""",0,4.11,Free Software Foundation,Hardcover,224,2006,2002,,2020/12/13,to-read,to-read (#64),to-read,,,,0,,,0,,,,,
2333095,The Unlucky Australians,Frank J. Hardy,"Hardy, Frank J.",,"=""0726000124""","=""9780726000126""",0,4.52,,,,,1968,,2020/12/13,to-read,to-read (#63),to-read,,,,0,,,0,,,,,
500740,Power Without Glory,Frank J. Hardy,"Hardy, Frank J.",,"=""""","=""""",0,3.93,Random House Australia,Hardcover,671,1982,1950,,2020/12/13,to-read,to-read (#62),to-read,,,,0,,,0,,,,,
1005167,Living,Henry Green,"Green, Henry",,"=""0781200377""","=""9780781200370""",0,3.65,Reprint Services Corp,Hardcover,224,1988,1929,,2020/12/13,to-read,to-read (#61),to-read,,,,0,,,0,,,,,
1113155,The Conquest of Bread,Pyotr Kropotkin,"Kropotkin, Pyotr",,"=""1904859100""","=""9781904859109""",0,4.13,AK Press,Paperback,224,2006,1892,,2020/12/13,to-read,to-read (#60),to-read,,,,0,,,0,,,,,
13237073,The Meaning of Freedom: And Other Difficult Dialogues,Angela Y. Davis,"Davis, Angela Y.",Robin D.G. Kelley,"=""0872865800""","=""9780872865808""",0,4.43,City Lights Publishers,Paperback,202,2012,2009,,2020/12/13,to-read,to-read (#59),to-read,,,,0,,,0,,,,,
779021,The Happy Prince and Other Tales,Oscar Wilde,"Wilde, Oscar",,"=""0679444734""","=""9780679444732""",0,4.14,Everyman's Library,Hardcover,96,1995,1888,,2020/12/13,to-read,to-read (#58),to-read,,,,0,,,0,,,,,
11250317,The Song of Achilles,Madeline Miller,"Miller, Madeline",,"=""1408816032""","=""9781408816035""",0,4.36,Bloomsbury Publishing,Hardcover,352,2011,2011,,2020/12/13,to-read,to-read (#57),to-read,,,,0,,,0,,,,,
913316,A Taste of Power: A Black Woman's Story,Elaine  Brown,"Brown, Elaine",,"=""0385471076""","=""9780385471077""",0,4.31,Anchor,Paperback,452,1994,1992,,2020/12/13,to-read,to-read (#56),to-read,,,,0,,,0,,,,,
70561,The Gulag Archipelago 1918–1956 (Abridged),Aleksandr Solzhenitsyn,"Solzhenitsyn, Aleksandr",Edward E. Ericson Jr.,"=""0060007761""","=""9780060007768""",0,4.27,HarperCollins,Paperback,472,2002,1973,,2020/12/13,to-read,to-read (#55),to-read,,,,0,,,0,,,,,
844573,God and Man at Yale: The Superstitions of 'Academic Freedom',William F. Buckley Jr.,"Jr., William F. Buckley",,"=""089526692X""","=""9780895266927""",0,3.73,Gateway Editions,Paperback,240,1986,1951,,2020/12/13,to-read,to-read (#54),to-read,,,,0,,,0,,,,,
36166009,The Federalist Papers,Alexander Hamilton,"Hamilton, Alexander","James Madison, John Jay","=""""","=""""",0,4.08,AmazonClassics,Kindle Edition,592,2017,1787,,2020/12/13,to-read,to-read (#53),to-read,,,,0,,,0,,,,,
92057,The Autobiography of Malcolm X,Malcolm X,"X, Malcolm",Alex Haley,"=""""","=""""",0,4.32,Ballantine Books,Paperback,466,2015,1965,,2020/12/13,to-read,to-read (#52),to-read,,,,0,,,0,,,,,
13214,"I Know Why the Caged Bird Sings (Maya Angelou's Autobiography, #1)",Maya Angelou,"Angelou, Maya",,"=""0553279378""","=""9780553279375""",0,4.24,Bantam Books,Paperback,289,1993,1969,,2020/12/13,to-read,to-read (#51),to-read,,,,0,,,0,,,,,
35036409,My Brilliant Friend,Elena Ferrante,"Ferrante, Elena",Ann Goldstein,"=""""","=""""",0,3.96,Penguin Random House ,Paperback,331,2012,2011,,2020/12/13,to-read,to-read (#50),to-read,,,,0,,,0,,,,,
3711,White Teeth,Zadie Smith,"Smith, Zadie",,"=""0375703861""","=""9780375703867""",0,3.78,Vintage,Paperback,448,2001,2000,,2020/12/13,to-read,to-read (#49),to-read,,,,0,,,0,,,,,
37398,Jazz,Toni Morrison,"Morrison, Toni",,"=""0452269652""","=""9780452269651""",0,3.83,Plume,Paperback,229,1993,1992,,2020/12/12,to-read,to-read (#48),to-read,,,,0,,,0,,,,,
4708,The Beautiful and Damned,F. Scott Fitzgerald,"Fitzgerald, F. Scott",,"=""0743451503""","=""9780743451505""",0,3.75,Simon & Schuster,Paperback,422,2002,1922,,2020/12/12,to-read,to-read (#47),to-read,,,,0,,,0,,,,,
33916061,We Were Eight Years in Power: An American Tragedy,Ta-Nehisi Coates,"Coates, Ta-Nehisi",,"=""0399590560""","=""9780399590566""",0,4.39,One World,Hardcover,367,2017,2017,,2020/12/12,to-read,to-read (#46),to-read,,,,0,,,0,,,,,
433567,Flatland: A Romance of Many Dimensions,Edwin A. Abbott,"Abbott, Edwin A.",Banesh Hoffmann,"=""048627263X""","=""9780486272634""",0,3.81,"Dover Publications, Inc.",Paperback,96,1992,1884,,2020/12/12,to-read,to-read (#45),to-read,,,,0,,,0,,,,,
242472,The Black Swan: The Impact of the Highly Improbable,Nassim Nicholas Taleb,"Taleb, Nassim Nicholas",,"=""1400063515""","=""9781400063512""",0,3.94,Random House ,Hardcover,366,2007,2007,,2020/12/12,to-read,to-read (#44),to-read,,,,0,,,0,,,,,
17910054,The Sixth Extinction: An Unnatural History,Elizabeth Kolbert,"Kolbert, Elizabeth",,"=""0805092994""","=""9780805092998""",0,4.13,Henry Holt and Co. (Georg von Holtzbrinck),Hardcover,336,2014,2014,,2020/12/12,to-read,to-read (#43),to-read,,,,0,,,0,,,,,
350,Stranger in a Strange Land,Robert A. Heinlein,"Heinlein, Robert A.",James Warhola,"=""0441788386""","=""9780441788385""",0,3.92,Ace,Paperback,525,1991,1961,,2020/12/12,to-read,to-read (#42),to-read,,,,0,,,0,,,,,
18423,"The Left Hand of Darkness (Hainish Cycle, #4)",Ursula K. Le Guin,"Guin, Ursula K. Le",,"=""""","=""""",0,4.08,Ace,Paperback,304,2000,1969,,2020/12/12,to-read,to-read (#41),to-read,,,,0,,,0,,,,,
6088007,"Neuromancer (Sprawl, #1)",William Gibson,"Gibson, William",,"=""""","=""""",0,3.90,Ace,Kindle Edition,292,2000,1984,,2020/12/07,to-read,to-read (#40),to-read,,,,0,,,0,,,,,
20564,The Mill on the Floss,George Eliot,"Eliot, George",A.S. Byatt,"=""0141439629""","=""9780141439624""",0,3.80,Penguin Classics,Paperback,579,2003,1860,,2020/12/07,to-read,to-read (#39),to-read,,,,0,,,0,,,,,
1934,Little Women,Louisa May Alcott,"Alcott, Louisa May",Gloria Méndez Seijido,"=""0451529308""","=""9780451529305""",0,4.09,Signet Classics,Paperback,449,2004,1868,,2020/12/07,to-read,to-read (#38),to-read,,,,0,,,0,,,,,
77013,As I Lay Dying,William Faulkner,"Faulkner, William",,"=""067973225X""","=""9780679732259""",0,3.72,Vintage,Paperback,288,1991,1930,,2020/12/07,to-read,to-read (#37),to-read,,,,0,,,0,,,,,
25489625,Between the World and Me,Ta-Nehisi Coates,"Coates, Ta-Nehisi",,"=""0812993543""","=""9780812993547""",4,4.38,Spiegel & Grau,Hardcover,152,2015,2015,2020/12/05,2020/12/06,,,read,,,,1,,,0,,,,,
29579,"Foundation (Foundation, #1)",Isaac Asimov,"Asimov, Isaac",,"=""0553803719""","=""9780553803716""",4,4.17,Bantam,Hardcover,244,2004,1951,2020/12/04,2020/09/20,,,read,,,,1,,,0,,,,,
890,Of Mice and Men,John Steinbeck,"Steinbeck, John",,"=""0142000671""","=""9780142000670""",5,3.88,Penguin Books,Paperback,103,2002,1937,,2019/04/25,,,read,,,,1,,,0,,,,,
74034,Amusing Ourselves to Death: Public Discourse in the Age of Show Business,Neil Postman,"Postman, Neil",Andrew Postman,"=""014303653X""","=""9780143036531""",5,4.14,Penguin Books,Paperback,184,2005,1985,2019/12/28,2019/04/28,,,read,,,,1,,,0,,,,,
39339934,Notes on Nationalism,George Orwell,"Orwell, George",,"=""0241339561""","=""9780241339565""",3,4.05,Penguin Classics,Paperback,52,2018,2012,2019/11/09,2019/11/09,,,read,,,,1,,,0,,,,,
49930783,Why We're Polarized,Ezra Klein,"Klein, Ezra",,"=""1797107658""","=""9781797107653""",4,4.27,Simon  Schuster Audio,Audio CD,,2020,2020,2020/04/17,2020/01/08,,,read,,,,1,,,0,,,,,
41552709,The Uninhabitable Earth: Life After Warming,David Wallace-Wells,"Wallace-Wells, David",,"=""0525576703""","=""9780525576709""",4,4.07,Tim Duggan Books,Hardcover,310,2019,2019,2020/07/13,2020/07/13,,,read,,,,1,,,0,,,,,
5308,The Pearl,John Steinbeck,"Steinbeck, John",,"=""0142000698""","=""9780142000694""",3,3.48,Penguin Books,Paperback,96,2002,1947,2020/07/25,2020/07/25,,,read,,,,1,,,0,,,,,
33369254,The Manager's Path: A Guide for Tech Leaders Navigating Growth and Change,Camille Fournier,"Fournier, Camille",,"=""1491973897""","=""9781491973899""",3,4.33,O'Reilly Media,Paperback,226,2017,2017,,2020/11/26,,,read,,,,1,,,0,,,,,
51284188,The Ministry Of The Future,Kim Stanley Robinson,"Robinson, Kim Stanley",,"=""""","=""9780316300162""",0,4.03,Hatchette,Hardcover,480,2020,2020,,2020/11/30,to-read,to-read (#36),to-read,,,,0,,,0,,,,,
44492285,"Dune Messiah (Dune Chronicles, #2)",Frank Herbert,"Herbert, Frank",,"=""0593098234""","=""9780593098233""",4,3.88,Ace Books,Paperback,337,2019,1969,2020/11/28,2020/09/20,,,read,,,,1,,,0,,,,,
18770267,Make It Stick: The Science of Successful Learning,Peter C. Brown,"Brown, Peter C.","Henry L. Roediger III, Mark A. McDaniel","=""0674729013""","=""9780674729018""",0,4.22,Belknap Press,Hardcover,253,2014,2014,,2020/11/26,to-read,to-read (#35),to-read,,,,0,,,0,,,,,
369051,Democracy and Education,John Dewey,"Dewey, John",,"=""0684836319""","=""9780684836317""",0,4.04,Free Press,Paperback,384,1997,1916,,2020/11/26,to-read,to-read (#34),to-read,,,,0,,,0,,,,,
35403039,The End of Policing,Alex S. Vitale,"Vitale, Alex S.",,"=""""","=""""",4,4.22,Verso,Kindle Edition,272,2017,2017,2020/11/21,2020/04/21,,,read,,,,1,,,0,,,,,
7865083,Liar's Poker,Michael   Lewis,"Lewis, Michael",,"=""039333869X""","=""9780393338690""",3,4.15,W. W. Norton  Company,Paperback,310,2010,1989,2020/01/05,2019/12/03,,,read,,,,1,,,0,,,,,
61329,Crossing the Chasm: Marketing and Selling High-Tech Products to Mainstream Customers,Geoffrey A. Moore,"Moore, Geoffrey A.",Regis McKenna,"=""0060517123""","=""9780060517120""",0,4.00,HarperBusiness,Paperback,211,2006,1991,,2020/11/25,to-read,to-read (#33),to-read,,,,0,,,0,,,,,
181239,Metamagical Themas: Questing for the Essence of Mind and Pattern,Douglas R. Hofstadter,"Hofstadter, Douglas R.",,"=""0465045669""","=""9780465045662""",0,4.19,Basic Books,Paperback,880,1996,1985,,2020/11/25,to-read,to-read (#32),to-read,,,,0,,,0,,,,,
1633905,Toward a Theory of Instruction (Revised),Jerome Bruner,"Bruner, Jerome",,"=""0674897013""","=""9780674897014""",0,4.20,Belknap Press,Paperback,192,1974,1966,,2020/11/25,to-read,to-read (#31),to-read,,,,0,,,0,,,,,
41817486,A Clockwork Orange,Anthony Burgess,"Burgess, Anthony",,"=""0393341763""","=""9780393341768""",4,3.99,W. W. Norton & Company,Paperback,213,2019,1962,,2020/09/24,,,read,,,,2,,,0,,,,,
44767458,"Dune (Dune, #1)",Frank Herbert,"Herbert, Frank",,"=""059309932X""","=""9780593099322""",5,4.23,Ace Books,Hardcover,661,2019,1965,2020/09/19,2020/09/15,,,read,,,,1,,,0,,,,,
170448,Animal Farm,George Orwell,"Orwell, George","Russell Baker, C.M. Woodhouse","=""0451526341""","=""9780451526342""",5,3.95,Signet Classics,Mass Market Paperback,141,1996,1945,2019/11/21,2019/11/21,,,read,,,,1,,,0,,,,,
4982,The Sirens of Titan,Kurt Vonnegut Jr.,"Jr., Kurt Vonnegut",Chris     Moore,"=""""","=""""",4,4.14,Gollancz,Paperback,224,1999,1959,2020/02/18,2019/12/15,,,read,,,,1,,,0,,,,,
30334134,The Undoing Project: A Friendship That Changed Our Minds,Michael   Lewis,"Lewis, Michael",,"=""0393254593""","=""9780393254594""",4,3.97,W. W. Norton & Company,Hardcover,362,2016,2016,2020/05/04,2020/04/18,,,read,,,,1,,,0,,,,,
348524,Constructing the Political Spectacle,Murray Edelman,"Edelman, Murray",,"=""0226183998""","=""9780226183992""",5,3.86,University of Chicago Press,Paperback,142,1988,1988,2020/08/27,2020/08/27,,,read,,,,1,,,0,,,,,
25852784,Evicted: Poverty and Profit in the American City,Matthew Desmond,"Desmond, Matthew",,"=""0553447432""","=""9780553447439""",5,4.47,Crown Publishers,Hardcover,418,2016,2016,2020/08/25,2020/08/14,,,read,,,,1,,,0,,,,,
184612,Black Reconstruction in America 1860-1880,W.E.B. Du Bois,"Bois, W.E.B. Du",David Levering Lewis,"=""0684856573""","=""9780684856575""",0,4.44,Free Press,Paperback,746,1999,1935,,2020/08/14,to-read,to-read (#30),to-read,,,,0,,,0,,,,,
16619,Democracy in America,Alexis de Tocqueville,"Tocqueville, Alexis de","Isaac Kramnick, Gerald Bevan","=""0140447601""","=""9780140447606""",0,4.03,Penguin Classics,Paperback,983,2003,1835,,2020/08/14,to-read,to-read (#29),to-read,,,,0,,,0,,,,,
50726976,Entitled: How Male Privilege Hurts Women,Kate Manne,"Manne, Kate",,"=""""","=""""",0,4.18,Crown,Kindle Edition,269,2020,2020,,2020/08/10,to-read,to-read (#28),to-read,,,,0,,,0,,,,,
11667578,Reinventing Discovery: The New Era of Networked Science,Michael Nielsen,"Nielsen, Michael",,"=""0691148902""","=""9780691148908""",0,3.94,Princeton University Press,Hardcover,264,2011,2011,,2020/08/02,to-read,to-read (#27),to-read,,,,0,,,0,,,,,
946185,Mathematics and Its History,John Stillwell,"Stillwell, John",,"=""0387953361""","=""9780387953366""",0,4.34,Springer,Hardcover,542,2001,1997,,2020/08/02,to-read,to-read (#26),to-read,,,,0,,,0,,,,,
112243,Concrete Mathematics: A Foundation for Computer Science,Ronald L. Graham,"Graham, Ronald L.","Donald Ervin Knuth, Oren Patashnik","=""0201558025""","=""9780201558029""",0,4.33,Addison-Wesley Professional,Hardcover,672,1994,1988,,2020/08/02,to-read,to-read (#25),to-read,,,,0,,,0,,,,,
101438,Skunk Works: A Personal Memoir of My Years at Lockheed,Ben R. Rich,"Rich, Ben R.",Leo Janos,"=""""","=""""",0,4.41,"Back Bay Books/Little, Brown & Co. (NY)",Paperback,382,1996,1994,,2020/07/31,to-read,to-read (#24),to-read,,,,0,,,0,,,,,
2240876,The Rickover Effect: How One Man Made a Difference,Theodore Rockwell,"Rockwell, Theodore",,"=""1557507023""","=""9781557507020""",0,4.11,US Naval Institute Press,Hardcover,456,1992,1992,,2020/07/31,to-read,to-read (#23),to-read,,,,0,,,0,,,,,
2615,The Innovator's Dilemma: The Revolutionary Book that Will Change the Way You Do Business,Clayton M. Christensen,"Christensen, Clayton M.",L.J. Ganser,"=""0060521996""","=""9780060521998""",5,4.01,Harper Paperbacks,Paperback,286,2003,1997,2020/07/08,2019/04/28,,,read,,,,1,,,0,,,,,
23463279,Designing Data-Intensive Applications,Martin Kleppmann,"Kleppmann, Martin",,"=""""","=""""",5,4.72,O'Reilly,ebook,562,,2015,2020/06/24,2020/06/28,,,read,,,,1,,,0,,,,,
6288,The Road,Cormac McCarthy,"McCarthy, Cormac",,"=""0307265439""","=""9780307265432""",4,3.97,Alfred A. Knopf,Hardcover,241,2006,2006,2020/07/06,2020/07/06,,,read,,,,1,,,0,,,,,
25744928,Deep Work: Rules for Focused Success in a Distracted World,Cal Newport,"Newport, Cal",,"=""1455586692""","=""9781455586691""",0,4.20,Grand Central Publishing,Hardcover,296,2016,2016,,2020/06/13,to-read,to-read (#22),to-read,,,,0,,,0,,,,,
2767,A People's History of the United States,Howard Zinn,"Zinn, Howard",,"=""0060838655""","=""9780060838652""",0,4.06,Harper Perennial,Paperback,729,2005,1980,,2020/06/11,to-read,to-read (#21),to-read,,,,0,,,0,,,,,
41894188,The Medium is the Message,Marshall McLuhan,"McLuhan, Marshall",,"=""0670044199""","=""9780670044191""",0,3.95,GP,Mass Market Paperback,,,1967,,2020/06/08,to-read,to-read (#20),to-read,,,,0,,,0,,,,,
13587160,"To Save Everything, Click Here: The Folly of Technological Solutionism",Evgeny Morozov,"Morozov, Evgeny",,"=""1610391381""","=""9781610391382""",0,3.70,PublicAffairs,Hardcover,415,2013,2013,,2020/06/04,to-read,to-read (#19),to-read,,,,0,,,0,,,,,
24878857,Postcapitalism: A Guide to Our Future,Paul  Mason,"Mason, Paul",,"=""1846147387""","=""9781846147388""",0,3.82,Allen Lane,Hardcover,368,2015,2015,,2020/06/04,to-read,to-read (#18),to-read,,,,0,,,0,,,,,
27833494,Dark Money: The Hidden History of the Billionaires Behind the Rise of the Radical Right,Jane Mayer,"Mayer, Jane",,"=""""","=""""",0,4.30,Doubleday,ebook,464,2016,2016,,2020/06/02,to-read,to-read (#17),to-read,,,,0,,,0,,,,,
30011020,Democracy in Chains: The Deep History of the Radical Right's Stealth Plan for America,Nancy MacLean,"MacLean, Nancy",,"=""1101980966""","=""9781101980965""",0,4.29,Viking,Hardcover,334,2017,2017,,2020/06/02,to-read,to-read (#16),to-read,,,,0,,,0,,,,,
52304082,Bit Tyrants: The Political Economy of Silicon Valley,Rob Larson,"Larson, Rob",,"=""""","=""""",0,3.93,Haymarket Books,Kindle Edition,,2020,2020,,2020/06/01,to-read,to-read (#15),to-read,,,,0,,,0,,,,,
299215,The Road to Serfdom,Friedrich A. Hayek,"Hayek, Friedrich A.",,"=""0226320618""","=""9780226320618""",0,4.17,University Of Chicago Press,Paperback,274,1994,1944,,2020/03/02,to-read,to-read (#14),to-read,,,,0,,,0,,,,,
41057294,Normal People,Sally Rooney,"Rooney, Sally",,"=""1984822179""","=""9781984822178""",4,3.86,Hogarth Press,Hardcover,273,2019,2018,2020/02/02,2020/01/26,,,read,,,,1,,,0,,,,,
22667569,"Creating a Learning Society: A New Approach to Growth, Development, and Social Progress (Kenneth Arrow Lecture Series)",Joseph E. Stiglitz,"Stiglitz, Joseph E.","Bruce C.N. Greenwald, Philippe Aghion, Kenneth J. Arrow, Robert Solow, Michael Woodford","=""""","=""""",0,3.68,Columbia University Press,Kindle Edition,680,2014,2014,,2020/02/18,to-read,to-read (#13),to-read,,,,0,,,0,,,,,
34640834,Down Girl: The Logic of Misogyny,Kate Manne,"Manne, Kate",,"=""0190604980""","=""9780190604981""",5,4.27,Oxford University Press,Hardcover,338,2017,2017,2020/01/18,2019/08/18,,,read,,,,1,,,0,,,,,
135479,Cat's Cradle,Kurt Vonnegut Jr.,"Jr., Kurt Vonnegut",,"=""0140285601""","=""9780140285604""",4,4.16,Penguin,Paperback,179,1999,1963,2020/01/19,2020/01/18,,,read,,,,1,,,0,,,,,
337517,Things Hidden Since the Foundation of the World,René Girard,"Girard, René","Stephen Bann, Michael Metteer","=""0804722153""","=""9780804722155""",0,4.32,Stanford University Press,Paperback,480,1987,1978,,2020/01/11,to-read,to-read (#12),to-read,,,,0,,,0,,,,,
18050143,"Zero to One: Notes on Startups, or How to Build the Future",Peter Thiel,"Thiel, Peter",Blake  Masters,"=""0804139296""","=""9780804139298""",4,4.17,Crown Business,Hardcover,195,2014,2014,2020/01/11,2020/01/11,,,read,,,,1,,,0,,,,,
80339,The Soul of Man Under Socialism,Oscar Wilde,"Wilde, Oscar",,"=""1419183044""","=""9781419183041""",0,3.92,Kessinger Publishing,Paperback,48,2004,1891,,2019/12/15,to-read,to-read (#11),to-read,,,,0,,,0,,,,,
6617037,"Debt: The First 5,000 Years",David Graeber,"Graeber, David",,"=""1933633867""","=""9781933633862""",0,4.17,Melville House Publishing,Hardcover,534,2011,2011,,2019/10/22,currently-reading,currently-reading (#10),currently-reading,,,,1,,,0,,,,,
5805,V for Vendetta,Alan Moore,"Moore, Alan",David   Lloyd,"=""1401207928""","=""9781401207922""",5,4.25,Vertigo,Hardcover,296,2005,1990,,2019/08/29,,,read,,,,1,,,0,,,,,
37570595,Friday Black,Nana Kwame Adjei-Brenyah,"Adjei-Brenyah, Nana Kwame",,"=""1328911241""","=""9781328911247""",2,4.09,Mariner Books,Paperback,194,2018,2018,2019/10/19,2019/09/25,,,read,,,,1,,,0,,,,,
36696533,New Dark Age: Technology and the End of the Future,James Bridle,"Bridle, James",,"=""""","=""""",3,4.13,Verso,Kindle Edition,304,2018,2018,2019/10/19,2019/10/13,,,read,,,,1,,,0,,,,,
629,"Zen and the Art of Motorcycle Maintenance: An Inquiry Into Values (Phaedrus, #1)",Robert M. Pirsig,"Pirsig, Robert M.",,"=""0060589469""","=""9780060589462""",0,3.77,HarperTorch,Mass Market Paperback,540,2006,1974,2019/10/19,2018/11/04,,,read,,,,1,,,0,,,,,
17987621,The Entrepreneurial State: Debunking Public vs. Private Sector Myths,Mariana Mazzucato,"Mazzucato, Mariana",Carlota Pérez,"=""0857282514""","=""9780857282514""",3,3.95,Anthem Press,ebook,266,2013,2011,2019/09/08,2019/07/22,,,read,,,,1,,,0,,,,,
8695,"The Restaurant at the End of the Universe (Hitchhiker's Guide to the Galaxy, #2)",Douglas Adams,"Adams, Douglas",,"=""""","=""""",5,4.21,Del Rey,Paperback,250,2005,1980,2019/09/28,2019/09/27,,,read,,,,1,,,0,,,,,
38447,"The Handmaid's Tale (The Handmaid's Tale, #1)",Margaret Atwood,"Atwood, Margaret",,"=""""","=""""",0,4.11,Anchor Books,Paperback,314,1998,1985,,2019/09/28,currently-reading,currently-reading (#9),currently-reading,,,,1,,,0,,,,,
725789,What the Dormouse Said: How the Sixties Counterculture Shaped the Personal Computer Industry,John Markoff,"Markoff, John",,"=""0143036769""","=""9780143036760""",0,3.82,Penguin Group,Paperback,310,2006,2005,,2019/09/26,currently-reading,currently-reading (#8),currently-reading,,,,1,,,0,,,,,
8171378,The Warmth of Other Suns: The Epic Story of America's Great Migration,Isabel Wilkerson,"Wilkerson, Isabel",,"=""0679444327""","=""9780679444329""",0,4.39,Random House,Hardcover,622,2010,2010,,2019/09/22,to-read,to-read (#10),to-read,,,,0,,,0,,,,,
676046,The Sciences of the Artificial,Herbert A. Simon,"Simon, Herbert A.",,"=""0262691914""","=""9780262691918""",0,4.25,MIT Press,Paperback,248,1996,1970,,2019/09/08,currently-reading,currently-reading (#7),currently-reading,,,,1,,,0,,,,,
23529,From Hell,Alan Moore,"Moore, Alan","Eddie Campbell, Pete Mullins","=""0861661419""","=""9780861661411""",0,4.17,Knockabout Comics ,Paperback,576,2007,1999,,2019/08/29,to-read,to-read (#9),to-read,,,,0,,,0,,,,,
30227750,Why Knowledge Matters: Rescuing Our Children from Failed Educational Theories,E.D. Hirsch,"Hirsch, E.D.",,"=""1612509525""","=""9781612509525""",4,4.19,Harvard Education Press,Paperback,280,2016,,2019/08/23,2019/07/12,,,read,,,,1,,,0,,,,,
16241465,Paying for the Party: How College Maintains Inequality,Elizabeth A. Armstrong,"Armstrong, Elizabeth A.",Laura Hamilton,"=""0674049578""","=""9780674049574""",0,4.02,Harvard University Press,Hardcover,326,2013,2013,,2019/07/29,to-read,to-read (#8),to-read,,,,0,,,0,,,,,
45771,Signifying Rappers: Rap and Race in the Urban Present,David Foster Wallace,"Wallace, David Foster",Mark Costello,"=""0880015357""","=""9780880015356""",3,3.30,Ecco Press,Paperback,140,2012,1990,2019/07/26,2019/05/12,,,read,,,,1,,,0,,,,,
17690,The Trial,Franz Kafka,"Kafka, Franz","Max Brod, Willa Muir, Edwin Muir","=""""","=""""",0,3.96,Vintage,Paperback,255,2001,1925,2019/07/26,2019/05/10,,,read,,,,1,,,0,,,,,
386162,"The Hitchhiker's Guide to the Galaxy (Hitchhiker's Guide to the Galaxy, #1)",Douglas Adams,"Adams, Douglas",,"=""""","=""""",5,4.22,Del Rey,Paperback,193,2007,1979,2019/07/21,2019/07/10,,,read,,,,1,,,0,,,,,
18736925,Capital in the Twenty-First Century,Thomas Piketty,"Piketty, Thomas",Arthur Goldhammer,"=""067443000X""","=""9780674430006""",0,4.04,Belknap Press,Hardcover,685,2014,2013,,2019/07/10,currently-reading,currently-reading (#6),currently-reading,,,,1,,,0,,,,,
28676,American Psycho,Bret Easton Ellis,"Ellis, Bret Easton",,"=""0679735771""","=""9780679735779""",4,3.82,Vintage Contemporaries / Random House,Paperback,399,1991,1991,2019/07/09,2019/06/08,,,read,"Dave Chappelle comes to mind.<br/><br/>“I mean, really, I was fucking disgusted. But I couldn’t turn away.”",,,1,,,0,,,,,
29780905,Messengers of the Right: Conservative Media and the Transformation of American Politics,Nicole Hemmer,"Hemmer, Nicole",,"=""081229307X""","=""9780812293074""",0,3.96,University of Pennsylvania Press,ebook,336,2016,2016,,2019/06/22,to-read,to-read (#7),to-read,,,,0,,,0,,,,,
30553,The Road to Wigan Pier,George Orwell,"Orwell, George",Richard Hoggart,"=""""","=""""",5,3.92,Penguin Classics,Paperback,215,2001,1937,2019/06/11,2019/05/25,,,read,,,,1,,,0,,,,,
26889576,The Big Short: Inside the Doomsday Machine,Michael   Lewis,"Lewis, Michael",,"=""039335315X""","=""9780393353150""",5,4.28,W. W. Norton  Company,Paperback,320,2015,2010,2019/05/25,2019/05/10,,,read,,,,1,,,0,,,,,
2467566,The Long Tail: Why the Future of Business is Selling Less of More,Chris Anderson,"Anderson, Chris",,"=""1401309666""","=""9781401309664""",4,3.82,Hachette Books,Paperback,288,2008,2006,,2019/04/28,,,read,,,,1,,,0,,,,,
7144,Crime and Punishment,Fyodor Dostoyevsky,"Dostoyevsky, Fyodor",مهری آهی,"=""0143058142""","=""9780143058144""",0,4.22,Penguin,Paperback,671,2002,1866,,2019/05/10,currently-reading,currently-reading (#5),currently-reading,,,,1,,,0,,,,,
78970,A Matter of Honor,Jeffrey Archer,"Archer, Jeffrey",,"=""0312933541""","=""9780312933548""",3,3.93,St. Martin's Paperbacks,Paperback,368,2005,1986,,2019/05/10,,,read,,,,1,,,0,,,,,
17986421,The New New Thing: A Silicon Valley Story,Michael   Lewis,"Lewis, Michael",,"=""0393347818""","=""9780393347814""",3,3.76,W. W. Norton  Company,Paperback,349,2014,1999,2019/05/10,2019/04/28,,,read,,,,1,,,0,,,,,
11468377,"Thinking, Fast and Slow",Daniel Kahneman,"Kahneman, Daniel",,"=""0374275637""","=""9780374275631""",3,4.16,"Farrar, Straus and Giroux",Hardcover,499,2011,2011,,2019/05/08,,,read,,,,1,,,0,,,,,
113436,"Eragon (The Inheritance Cycle, #1)",Christopher Paolini,"Paolini, Christopher",,"=""0375826696""","=""9780375826696""",0,3.91,Alfred A. Knopf,Paperback,503,2005,2002,,2019/04/28,,,read,,,,1,,,0,,,,,
900,The Game: Penetrating the Secret Society of Pickup Artists,Neil Strauss,"Strauss, Neil",,"=""0060554738""","=""9780060554736""",2,3.74,It Books,Hardcover,464,2005,2005,,2019/04/28,,,read,,,,1,,,0,,,,,
7711871,Surfaces and Essences: Analogy as the Fuel and Fire of Thinking,Douglas R. Hofstadter,"Hofstadter, Douglas R.",Emmanuel Sander,"=""0465018475""","=""9780465018475""",0,3.78,Basic Books,Hardcover,578,2013,2011,,2019/04/28,once-started,once-started (#1),read,,,,0,,,0,,,,,
42390500,Analogie,Douglas R. Hofstadter,"Hofstadter, Douglas R.","Emmanuel Sanders, Jan Pieter van der Sterre","=""""","=""""",0,5.00,Atlas Contact,Kindle Edition,832,2014,,,2019/04/28,,,read,,,,0,,,0,,,,,
363999,The Art of Computer Programming: Volume 3: Sorting and Searching,Donald Ervin Knuth,"Knuth, Donald Ervin",,"=""0201896850""","=""0785342896855""",0,4.40,Addison-Wesley Professional,Hardcover,800,1998,1973,,2019/04/28,to-read,to-read (#5),to-read,,,,0,,,0,,,,,
112246,"The Art of Computer Programming, Volume 2: Seminumerical Algorithms",Donald Ervin Knuth,"Knuth, Donald Ervin",,"=""0201896842""","=""9780201896848""",0,4.42,Addison-Wesley Professional,Hardcover,784,1997,1969,,2019/04/28,to-read,to-read (#4),to-read,,,,0,,,0,,,,,
189989,Finite and Infinite Games: A Vision of Life as Play and Possibility,James P. Carse,"Carse, James P.",,"=""0345341848""","=""9780345341846""",0,3.89,Ballantine Books,Mass Market Paperback,192,1987,1986,,2019/04/28,to-read,to-read (#3),to-read,,,,0,,,0,,,,,
28670512,When Breath Becomes Air,Paul Kalanithi,"Kalanithi, Paul",,"=""""","=""""",0,4.36,Vintage Digital,Kindle Edition,258,2016,2016,,2019/04/28,to-read,to-read (#2),to-read,,,,0,,,0,,,,,
415,Gravity's Rainbow,Thomas Pynchon,"Pynchon, Thomas",,"=""0143039946""","=""9780143039945""",0,3.96,Penguin Books,Paperback,776,2006,1973,,2019/04/25,currently-reading,currently-reading (#4),currently-reading,,,,1,,,0,,,,,
40603783,The Defining Decade: Why Your Twenties Matter—And How to Make the Most of Them Now,Meg Jay,"Jay, Meg",,"=""""","=""""",3,4.14,Twelve,Kindle Edition,273,2012,2012,,2019/04/14,,,read,,,,1,,,0,,,,,
4295,David Foster Wallace's Infinite Jest: A Reader's Guide,Stephen J. Burn,"Burn, Stephen J.",,"=""082641477X""","=""9780826414779""",0,3.82,Bloomsbury Academic,Paperback,96,2003,2012,,2019/04/14,to-read,to-read (#1),to-read,,,,0,,,0,,,,,
5344,Hard Times,Charles Dickens,"Dickens, Charles",,"=""0321107217""","=""9780321107213""",0,3.53,Pearson Longman,Paperback,353,2003,1854,,2019/04/14,,,read,,,,1,,,0,,,,,
2473371,Gorgias,Plato,"Plato, Plato",Robin Waterfield,"=""0199540322""","=""9780199540327""",0,3.95,"Oxford University Press, USA",Paperback,172,2008,-380,,2019/04/14,,,read,,,,1,,,0,,,,,
28259132,Chaos Monkeys: Obscene Fortune and Random Failure in Silicon Valley,Antonio García Martínez,"Martínez, Antonio García",,"=""0062458191""","=""9780062458193""",2,3.73,Harper,Hardcover,528,2016,2016,,2018/11/18,,,read,,,,1,,,0,,,,,
244909,The Conscience of a Conservative,Barry M. Goldwater,"Goldwater, Barry M.","C.C. Goldwater, Robert F. Kennedy Jr., Sean Wilentz, George F. Will","=""0691131171""","=""9780691131177""",1,3.88,Princeton University Press,Paperback,144,2007,1960,,2018/11/15,,,read,"It's short, so read it because it's prominent conservative writing. Beyond its brevity and broadness, there's not much else positive. It's full of paper-thin analysis, baseless assertions, and cheap rhetoric. The latter I can excuse as it's a political pamphlet, but damn, please use that rhetoric to forward a vision of a society offering more than some extremely vague notion of ""freedom"". ",,,1,,,0,,,,,
129237,A Theory of Justice,John Rawls,"Rawls, John",,"=""0674017722""","=""9780674017726""",0,3.94,Belknap Press,Paperback,824,2005,1971,,2018/11/13,currently-reading,currently-reading (#3),currently-reading,,,,1,,,0,,,,,
168668,"Catch-22 (Catch-22, #1)",Joseph Heller,"Heller, Joseph",,"=""0684833395""","=""9780684833392""",0,3.98,Simon & Schuster ,Paperback,453,2004,1961,,2018/11/13,currently-reading,currently-reading (#2),currently-reading,,,,1,,,0,,,,,
106835,The Intelligent Investor,Benjamin Graham,"Graham, Benjamin","Jason Zweig, Warren Buffett","=""0060555661""","=""9780060555665""",5,4.23,Harper Business,Paperback,623,2006,1949,,2018/11/13,,,read,,,,1,,,0,,,,,
23418,The Architecture of Happiness,Alain de Botton,"Botton, Alain de",,"=""0375424431""","=""9780375424434""",2,3.86,Pantheon Books,Hardcover,280,2006,2006,,2018/11/10,,,read,,,,1,,,0,,,,,
23419,The Consolations of Philosophy,Alain de Botton,"Botton, Alain de",,"=""0679779175""","=""9780679779179""",3,4.01,Vintage,Paperback,265,2001,2000,,2018/11/10,,,read,,,,1,,,0,,,,,
11125,Digital Fortress,Dan Brown,"Brown, Dan",,"=""""","=""""",4,3.66,Corgi books,Paperback,510,2004,1998,,2018/11/10,,,read,,,,1,,,0,,,,,
976,Deception Point,Dan Brown,"Brown, Dan",,"=""0671027387""","=""9780671027384""",3,3.72,Pocket Books,Mass Market Paperback,556,2002,2001,,2018/11/10,,,read,,,,1,,,0,,,,,
960,"Angels & Demons (Robert Langdon, #1)",Dan Brown,"Brown, Dan",,"=""1416524797""","=""9781416524793""",4,3.91,Pocket Books,Mass Market Paperback,736,2006,2000,,2018/11/10,,,read,,,,1,,,0,,,,,
968,"The Da Vinci Code (Robert Langdon, #2)",Dan Brown,"Brown, Dan",,"=""""","=""""",4,3.86,Anchor,Paperback,489,2006,2003,,2018/11/10,,,read,,,,1,,,0,,,,,
81227,Infidel,Ayaan Hirsi Ali,"Ali, Ayaan Hirsi",,"=""0743289684""","=""9780743289689""",3,4.18,Free Press,Hardcover,353,2007,2006,,2018/11/10,,,read,,,,1,,,0,,,,,
300118,"The World According to Clarkson (World According to Clarkson, #1)",Jeremy Clarkson,"Clarkson, Jeremy",,"=""0141017899""","=""9780141017891""",4,3.69,Penguin,Paperback,327,2005,2004,,2018/11/10,,,read,,,,1,,,0,,,,,
40490167,"Maus: Un survivant raconte, tome 1: Mon père saigne l'histoire (Maus, #1)",Art Spiegelman,"Spiegelman, Art",,"=""2080660292""","=""9782080660299""",5,4.34,Flammarion,Paperback,159,2018,1986,,2018/11/10,,,read,,,,1,,,0,,,,,
33514,The Elements of Style,William Strunk Jr.,"Jr., William Strunk",E.B. White,"=""""","=""""",4,4.16,Allyn & Bacon,Hardcover,105,1999,1918,,2018/11/10,,,read,,,,1,,,0,,,,,
92303,The Importance of Being Earnest,Oscar Wilde,"Wilde, Oscar",,"=""158049580X""","=""9781580495806""",4,4.18,Prestwick House,Paperback,76,2005,1895,,2018/11/10,,,read,,,,1,,,0,,,,,
2122,The Fountainhead,Ayn Rand,"Rand, Ayn",Leonard Peikoff,"=""0451191153""","=""9780451191151""",4,3.87,Signet Book,Mass Market Paperback,704,1996,1943,,2018/11/10,,,read,,,,1,,,0,,,,,
662,Atlas Shrugged,Ayn Rand,"Rand, Ayn",Leonard Peikoff,"=""0452011876""","=""9780452011878""",4,3.69,Plume,Paperback,1168,1999,1957,,2018/11/10,,,read,,,,1,,,0,,,,,
123471,I Am a Strange Loop,Douglas R. Hofstadter,"Hofstadter, Douglas R.",,"=""0465030785""","=""9780465030781""",4,3.95,Basic Books (AZ),Hardcover,412,2007,2007,,2018/11/10,,,read,,,,1,,,0,,,,,
24113,"Gödel, Escher, Bach: An Eternal Golden Braid",Douglas R. Hofstadter,"Hofstadter, Douglas R.",,"=""0465026567""","=""9780465026562""",4,4.28,Basic Books,Paperback,777,1999,1979,,2018/11/10,,,read,,,,1,,,0,,,,,
3636,"The Giver (The Giver, #1)",Lois Lowry,"Lowry, Lois",,"=""0385732554""","=""9780385732550""",0,4.13,Ember,Paperback,208,2006,1993,,2018/11/06,,,read,,,,1,,,0,,,,,
40961427,1984,George Orwell,"Orwell, George",,"=""""","=""""",4,4.19,Houghton Mifflin Harcourt,Kindle Edition,237,2013,1949,,2018/11/06,,,read,,,,1,,,0,,,,,
5129,Brave New World,Aldous Huxley,"Huxley, Aldous",,"=""0060929871""","=""9780060929879""",5,3.99,HarperPerennial / Perennial Classics,Paperback,288,1998,1932,,2018/11/06,,,read,,,,1,,,0,,,,,
22264030,Startupland: How Three Guys Risked Everything to Turn an Idea Into a Global Business,Mikkel Svane,"Svane, Mikkel",Carlye Adler,"=""1118980816""","=""9781118980811""",2,4.02,Jossey-Bass,Hardcover,224,2014,2014,,2018/11/04,,,read,,,,1,,,0,,,,,
666673,"Deep Black (Nick Stone, #7)",Andy McNab,"McNab, Andy",,"=""0552150193""","=""9780552150194""",3,3.95,Corgi,Paperback,512,2005,2004,,2018/11/04,,,read,,,,1,,,0,,,,,
666675,"Firewall (Nick Stone, #3)",Andy McNab,"McNab, Andy",,"=""0552152374""","=""9780552152372""",3,3.88,Transworld Pub,Paperback,576,2004,2000,,2018/11/04,,,read,,,,1,,,0,,,,,
22202,Bravo Two Zero,Andy McNab,"McNab, Andy",,"=""0552153575""","=""9780552153577""",3,4.10,Corgi,Paperback,416,2005,1991,,2018/11/04,,,read,,,,1,,,0,,,,,
144794,"Hover Car Racer (Hover Car Racer, #1-3)",Matthew Reilly,"Reilly, Matthew",,"=""0330440160""","=""9780330440165""",4,4.02,Macmillan Children's Books,Paperback,432,2005,2004,,2018/11/04,,,read,,,,1,,,0,,,,,
898404,"Hell Island (Shane Schofield, #3.5)",Matthew Reilly,"Reilly, Matthew",,"=""0330442325""","=""9780330442329""",4,3.85,Pan Books (UK),Paperback,115,2005,2005,,2018/11/04,,,read,,,,1,,,0,,,,,
10853886,"Scarecrow Returns (Shane Schofield, #4)",Matthew Reilly,"Reilly, Matthew",,"=""1416577599""","=""9781416577591""",4,4.27,Simon & Schuster,Hardcover,350,2012,2012,,2018/11/04,,,read,,,,1,,,0,,,,,
144773,Contest,Matthew Reilly,"Reilly, Matthew",,"=""0312286252""","=""9780312286255""",4,3.97,Thomas Dunne Books,Hardcover,330,2003,1996,,2018/11/04,,,read,,,,1,,,0,,,,,
144789,"Scarecrow (Shane Schofield, #3)",Matthew Reilly,"Reilly, Matthew",,"=""0312937660""","=""9780312937669""",4,4.23,St. Martin's Paperbacks,Paperback,464,2005,2003,,2018/11/04,,,read,,,,1,,,0,,,,,
144793,"Area 7 (Shane Schofield, #2)",Matthew Reilly,"Reilly, Matthew",,"=""0312983220""","=""9780312983222""",4,4.10,St. Martin's Press,Paperback,507,2003,2001,,2018/11/04,,,read,,,,1,,,0,,,,,
144792,Temple,Matthew Reilly,"Reilly, Matthew",,"=""0312981260""","=""9780312981266""",4,4.06,St. Martin's Paperbacks,Paperback,523,2002,1999,,2018/11/04,,,read,,,,1,,,0,,,,,
617526,"The Six Sacred Stones (Jack West Jr, #2)",Matthew Reilly,"Reilly, Matthew",,"=""1405038160""","=""9781405038164""",4,4.19,Macmillan Australia,Hardcover,506,2007,2007,,2018/11/04,,,read,,,,1,,,0,,,,,
144791,"Seven Deadly Wonders (Jack West Jr, #1)",Matthew Reilly,"Reilly, Matthew",,"=""1416505067""","=""9781416505068""",4,4.07,Pocket Books,Mass Market Paperback,547,2006,2005,,2018/11/04,,,read,,,,1,,,0,,,,,
144790,"Ice Station (Shane Schofield, #1)",Matthew Reilly,"Reilly, Matthew",,"=""0312971230""","=""9780312971236""",4,4.11,St. Martin's Press,Paperback,513,2000,1998,,2018/11/04,,,read,,,,1,,,0,,,,,
42058,Richard III,William Shakespeare,"Shakespeare, William",John Jowett,"=""0192839934""","=""9780192839930""",5,3.93,"Oxford University Press, USA",Paperback,414,2001,1593,,2018/11/04,,,read,,,,1,,,0,,,,,
1622,A Midsummer Night's Dream,William Shakespeare,"Shakespeare, William","Paul Werstine, Barbara A. Mowat, Catherine Belsey","=""0743477545""","=""9780743477543""",3,3.95,Simon & Schuster Paperbacks,Paperback,240,2016,1595,,2018/11/04,,,read,,,,1,,,0,,,,,
18135,Romeo and Juliet,William Shakespeare,"Shakespeare, William","Paul Werstine, Barbara A. Mowat, Paavo Emil Cajander","=""0743477111""","=""9780743477116""",4,3.75,Simon Schuster,Paperback,301,2004,1595,,2018/11/04,,,read,,,,1,,,0,,,,,
6870,Enduring Love,Ian McEwan,"McEwan, Ian",,"=""0099481243""","=""9780099481249""",4,3.64,Vintage,Paperback,245,2004,1997,,2018/11/04,,,read,,,,1,,,0,,,,,
886785,Modern Architecture Since 1900,William J.R. Curtis,"Curtis, William J.R.",,"=""0714833568""","=""9780714833569""",5,4.09,Phaidon Press,Paperback,736,1996,1982,,2018/11/04,,,read,,,,1,,,0,,,,,
207129,Complexity and Contradiction in Architecture,Robert Venturi,"Venturi, Robert",,"=""0870702823""","=""9780870702822""",4,4.07,Museum of Modern Art,Paperback,136,2002,1966,,2018/11/04,,,read,,,,1,,,0,,,,,
118108,Delirious New York: A Retroactive Manifesto for Manhattan,Rem Koolhaas,"Koolhaas, Rem",,"=""1885254008""","=""9781885254009""",5,4.26,The Monacelli Press,Paperback,320,1997,1978,,2018/11/04,,,read,,,,1,,,0,,,,,
79006,Honor Among Thieves,Jeffrey Archer,"Archer, Jeffrey",فریده مهدوی دامغانی,"=""0312933533""","=""9780312933531""",4,3.85,St. Martin's Paperbacks,Paperback,480,2004,1993,,2018/11/04,,,read,,,,1,,,0,,,,,
78989,"Shall We Tell the President? (Kane & Abel, #3)",Jeffrey Archer,"Archer, Jeffrey",,"=""0449208060""","=""9780449208069""",4,3.76,Fawcett,Paperback,228,1983,1977,,2018/11/04,,,read,,,,1,,,0,,,,,
1611988,A Prisoner of Birth,Jeffrey Archer,"Archer, Jeffrey",,"=""0312379293""","=""9780312379292""",4,4.15,St. Martin's Press,Hardcover,501,2008,2008,,2018/11/04,,,read,,,,1,,,0,,,,,
78987,"The Prodigal Daughter (Kane & Abel, #2)",Jeffrey Archer,"Archer, Jeffrey",,"=""0312997140""","=""9780312997144""",4,3.95,St. Martin's Paperbacks,Paperback,496,2004,1982,,2018/11/04,,,read,,,,1,,,0,,,,,
78982,"Not a Penny More, Not a Penny Less",Jeffrey Archer,"Archer, Jeffrey",,"=""0312997132""","=""9780312997137""",4,4.03,St. Martin's Paperbacks,Paperback,305,2004,1976,,2018/11/04,,,read,,,,1,,,0,,,,,
15793074,"Best Kept Secret (The Clifton Chronicles, #3)",Jeffrey Archer,"Archer, Jeffrey",,"=""125000098X""","=""9781250000989""",4,3.99,St. Martin's Press,Hardcover,373,2013,2013,,2018/11/04,,,read,,,,1,,,0,,,,,
12160906,"The Sins of the Father (The Clifton Chronicles, #2)",Jeffrey Archer,"Archer, Jeffrey",,"=""1250000971""","=""9781250000972""",3,4.07,St. Martin's Press,Hardcover,352,2012,2012,,2018/11/04,,,read,,,,1,,,0,,,,,
10872085,"Only Time Will Tell (The Clifton Chronicles, #1)",Jeffrey Archer,"Archer, Jeffrey",,"=""031253955X""","=""9780312539559""",4,4.09,St Martins Pr,Hardcover,386,2011,2011,,2018/11/04,,,read,,,,1,,,0,,,,,
78983,"Kane and Abel (Kane and Abel, #1)",Jeffrey Archer,"Archer, Jeffrey",,"=""0312995059""","=""9780312995058""",5,4.31,St. Martin's Paperbacks,Paperback,592,2004,1979,,2018/11/04,,,read,,,,1,,,0,,,,,
6581449,"Freefall: America, Free Markets, and the Sinking of the World Economy",Joseph E. Stiglitz,"Stiglitz, Joseph E.",,"=""0393075966""","=""9780393075960""",4,3.88,W. W. Norton & Company,Hardcover,361,2010,2010,,2018/11/04,,,read,,,,1,,,0,,,,,
7090,The Soul of a New Machine,Tracy Kidder,"Kidder, Tracy",,"=""0316491977""","=""9780316491976""",4,4.12,Back Bay Books,Paperback,293,2000,1981,,2018/11/04,,,read,,,,1,,,0,,,,,
30474,The Communist Manifesto,Karl Marx,"Marx, Karl","Friedrich Engels, Gareth Stedman Jones","=""0140447571""","=""9780140447576""",5,3.58,Penguin Classics,Paperback,288,2002,1848,,2018/11/04,,,read,,,,1,,,0,,,,,
7478167,Robinson Kruso,Daniel Defoe,"Defoe, Daniel","G.A. Gr, Hanne Leth","=""""","=""2940005929365""",0,3.68,"E. Jespersen, Hoffensberg & Traps etabl.",Nook,352,,1719,,2018/11/04,currently-reading,currently-reading (#1),currently-reading,,,,1,,,0,,,,,
2657,To Kill a Mockingbird,Harper Lee,"Lee, Harper",,"=""""","=""""",4,4.28,Harper Perennial Modern Classics ,Paperback,324,2006,1960,,2018/10/19,,,read,,,,1,,,0,,,,,
5107,The Catcher in the Rye,J.D. Salinger,"Salinger, J.D.",,"=""0316769177""","=""9780316769174""",3,3.81,Back Bay Books,Paperback,277,2001,1951,,2018/10/19,,,read,,,,1,,,0,,,,,
20527133,"Superintelligence: Paths, Dangers, Strategies",Nick Bostrom,"Bostrom, Nick",,"=""0199678111""","=""9780199678112""",4,3.87,"Oxford University Press, USA",Hardcover,328,2014,2014,,2018/10/19,,,read,,,,1,,,0,,,,,
8913542,23 Things They Don't Tell You about Capitalism,Ha-Joon Chang,"Chang, Ha-Joon",,"=""1608191664""","=""9781608191666""",4,3.97,Bloomsbury Publishing PLC,Hardcover,286,2011,2010,,2018/10/18,,,read,,,,1,,,0,,,,,
1374267,The Shark Net,Robert Drewe,"Drewe, Robert",,"=""0143002155""","=""9780143002154""",3,3.66,Penguin Australia,Paperback,358,2006,2000,,2018/10/18,,,read,,,,1,,,0,,,,,
10483171,The Beginning of Infinity: Explanations That Transform the World,David Deutsch,"Deutsch, David",,"=""0670022756""","=""9780670022755""",3,4.13,Viking,Hardcover,487,2011,2011,,2018/10/18,,,read,,,,1,,,0,,,,,
177068,The Fabric of Reality: The Science of Parallel Universes--and Its Implications,David Deutsch,"Deutsch, David",,"=""014027541X""","=""9780140275414""",4,4.11,Penguin Books,Paperback,400,1998,1996,,2018/10/18,,,read,,,,1,,,0,,,,,
4671,The Great Gatsby,F. Scott Fitzgerald,"Fitzgerald, F. Scott",Francis Scott Fitzgerald,"=""""","=""""",5,3.92,Scribner,Paperback,200,2004,1925,,2018/10/18,,,read,,,,1,,,0,,,,,
12612,Hegemony or Survival: America's Quest for Global Dominance,Noam Chomsky,"Chomsky, Noam",,"=""0805076883""","=""9780805076882""",3,3.97,Holt McDougal,Paperback,301,2004,2003,,2018/10/18,,,read,,,,1,,,0,,,,,
194805,Understanding Power: The Indispensable Chomsky,Noam Chomsky,"Chomsky, Noam","Peter R. Mitchell, John Schoeffel","=""1565847032""","=""9781565847033""",5,4.42,The New Press,Paperback,416,2002,2002,,2018/10/18,,,read,,,,1,,,0,,,,,
12617,Manufacturing Consent: The Political Economy of the Mass Media,Edward S. Herman,"Herman, Edward S.",Noam Chomsky,"=""0375714499""","=""9780375714498""",5,4.25,Pantheon,Paperback,412,2002,1988,,2018/10/18,,,read,,,,1,,,0,,,,,
6759,Infinite Jest,David Foster Wallace,"Wallace, David Foster",,"=""0316921173""","=""9780316921176""",5,4.28,Back Bay Books,Paperback,1088,2005,1996,,2018/10/18,,,read,,,,1,,,0,,,,,
4981,Slaughterhouse-Five,Kurt Vonnegut Jr.,"Jr., Kurt Vonnegut",,"=""0385333846""","=""9780385333849""",5,4.08,Dial Press,Paperback,275,1999,1969,,2018/10/18,,,read,,,,1,,,0,,,,,
4980,Breakfast of Champions,Kurt Vonnegut Jr.,"Jr., Kurt Vonnegut",,"=""0385334206""","=""9780385334204""",3,4.07,Dell Publishing,Paperback,303,1999,1973,,2018/10/18,,,read,,,,1,,,0,,,,,
10197857,Treasure Islands: Uncovering the Damage of Offshore Banking and Tax Havens,Nicholas Shaxson,"Shaxson, Nicholas",,"=""0230105017""","=""9780230105010""",4,4.19,St. Martin's Press,Hardcover,272,2011,2011,,2018/10/18,,,read,,,,1,,,0,,,,,
5907,"The Hobbit, or There and Back Again",J.R.R. Tolkien,"Tolkien, J.R.R.",,"=""0618260307""","=""9780618260300""",4,4.28,Houghton Mifflin,Paperback,366,2002,1937,,2018/10/18,,,read,,,,1,,,0,,,,,
18512,"The Return of the King (The Lord of the Rings, #3)",J.R.R. Tolkien,"Tolkien, J.R.R.",,"=""""","=""""",5,4.53,Del Rey,Mass Market Paperback,404,2003,1955,,2018/10/18,,,read,,,,1,,,0,,,,,
15241,"The Two Towers (The Lord of the Rings, #2)",J.R.R. Tolkien,"Tolkien, J.R.R.",Peter S. Beagle,"=""0618346260""","=""9780618346264""",4,4.44,Houghton Mifflin,Paperback,322,2003,1954,,2018/10/18,,,read,,,,1,,,0,,,,,
34,"The Fellowship of the Ring (The Lord of the Rings, #1)",J.R.R. Tolkien,"Tolkien, J.R.R.",,"=""0618346252""","=""9780618346257""",5,4.36,Houghton Mifflin Harcourt,Paperback,398,2003,1954,,2018/10/18,,,read,,,,1,,,0,,,,,
12321,Beyond Good and Evil,Friedrich Nietzsche,"Nietzsche, Friedrich","R.J. Hollingdale, Michael Tanner","=""014044923X""","=""9780140449235""",4,3.99,Penguin Classics,Paperback,240,2003,1886,,2018/10/18,,,read,,,,1,,,0,,,,,
19068,The Nicomachean Ethics,Aristotle,"Aristotle, Aristotle","James Alexander Kerr Thomson, Jonathan Barnes, Hugh Tredennick","=""0140449493""","=""9780140449495""",5,3.96,Penguin Classics,Paperback,329,2004,-340,,2018/10/18,,,read,,,,1,,,0,,,,,
327051,Reasons and Persons,Derek Parfit,"Parfit, Derek",,"=""019824908X""","=""9780198249085""",5,4.26,Oxford University Press,Paperback,543,1986,1984,,2018/10/18,,,read,,,,1,,,0,,,,,
23168483,The Most Good You Can Do: How Effective Altruism Is Changing Ideas About Living Ethically,Peter Singer,"Singer, Peter",,"=""0300180276""","=""9780300180275""",3,3.85,Yale University Press,Hardcover,232,2015,2015,,2018/10/18,,,read,,,,1,,,0,,,,,
29380,Animal Liberation,Peter Singer,"Singer, Peter",,"=""0060011572""","=""9780060011574""",5,4.27,Ecco Press,Paperback,352,2001,1977,,2018/10/18,,,read,,,,1,,,0,,,,,
65118,"The Hostile Hospital (A Series of Unfortunate Events, #8)",Lemony Snicket,"Snicket, Lemony",Brett Helquist,"=""1405206128""","=""9781405206129""",4,3.97,Egmont,Hardcover,272,2003,2001,2006/01/01,2018/10/18,,,read,,,,1,,,0,,,,,
47613,"Mister Monday (The Keys to the Kingdom, #1)",Garth Nix,"Nix, Garth",,"=""0439856264""","=""9780439856263""",4,3.79,Scholastic,Paperback,384,2006,2003,2007/01/01,2018/10/18,,,read,,,,1,,,0,,,,,
297792,"The Slippery Slope (A Series of Unfortunate Events, #10)",Lemony Snicket,"Snicket, Lemony",Brett Helquist,"=""0064410137""","=""9780064410137""",4,4.02,HarperCollins Publishers,Hardcover,337,2003,2003,,2018/10/18,,,read,,,,1,,,0,,,,,
324277,"The Carnivorous Carnival (A Series of Unfortunate Events, #9)",Lemony Snicket,"Snicket, Lemony",Brett Helquist,"=""0064410129""","=""9780064410120""",4,3.98,HarperCollins Publishers,Hardcover,286,2002,2002,,2018/10/18,,,read,,,,1,,,0,,,,,
150037,"The Vile Village (A Series of Unfortunate Events, #7)",Lemony Snicket,"Snicket, Lemony",Brett Helquist,"=""0060566221""","=""9780060566227""",4,3.95,HarperCollins Publishers ,Hardcover,272,2001,2001,,2018/10/18,,,read,,,,1,,,0,,,,,
131123,"The Austere Academy (A Series of Unfortunate Events, #5)",Lemony Snicket,"Snicket, Lemony",Brett Helquist,"=""0064408639""","=""9780064408639""",4,3.98,HarperCollins Publishers,Hardcover,221,2000,2000,,2018/10/18,,,read,,,,1,,,0,,,,,
65119,"The Miserable Mill (A Series of Unfortunate Events, #4)",Lemony Snicket,"Snicket, Lemony",Brett Helquist,"=""0439272637""","=""9780439272636""",4,3.85,"Scholastic, Inc.",Paperback,194,2000,2000,,2018/10/18,,,read,,,,1,,,0,,,,,
438492,"The Wide Window (A Series of Unfortunate Events, #3)",Lemony Snicket,"Snicket, Lemony",Brett Helquist,"=""0064407683""","=""9780064407687""",4,3.93,HarperCollins Publishers,Hardcover,214,2000,2000,,2018/10/18,,,read,,,,1,,,0,,,,,
78418,"The Reptile Room (A Series of Unfortunate Events, #2)",Lemony Snicket,"Snicket, Lemony",Brett Helquist,"=""0439206480""","=""9780439206488""",4,3.98,"Scholastic, Inc.",Paperback,192,1999,1999,,2018/10/18,,,read,,,,1,,,0,,,,,
78411,"The Bad Beginning (A Series of Unfortunate Events, #1)",Lemony Snicket,"Snicket, Lemony",Brett Helquist,"=""0439206472""","=""9780439206471""",4,3.95,"Scholastic, Inc.",Paperback,176,1999,1999,,2018/10/18,,,read,,,,1,,,0,,,,,
172327,"The Ersatz Elevator (A Series of Unfortunate Events, #6)",Lemony Snicket,"Snicket, Lemony",Brett Helquist,"=""0060566213""","=""9780060566210""",4,4.03,HarperCollins Publishers ,Hardcover,259,2001,2001,,2018/10/18,,,read,,,,1,,,0,,,,,
6,"Harry Potter and the Goblet of Fire (Harry Potter, #4)",J.K. Rowling,"Rowling, J.K.",Mary GrandPré,"=""""","=""""",4,4.56,Scholastic,Paperback,734,2002,2000,,2018/10/18,,,read,,,,1,,,0,,,,,
15881,"Harry Potter and the Chamber of Secrets (Harry Potter, #2)",J.K. Rowling,"Rowling, J.K.",Mary GrandPré,"=""0439064864""","=""9780439064866""",3,4.43,Arthur A. Levine Books,Hardcover,341,1999,1998,,2018/10/18,,,read,,,,1,,,0,,,,,
136251,"Harry Potter and the Deathly Hallows (Harry Potter, #7)",J.K. Rowling,"Rowling, J.K.",,"=""""","=""""",5,4.62,Arthur A. Levine Books,Hardcover,759,2007,2007,,2018/10/18,,,read,,,,1,,,0,,,,,
5,"Harry Potter and the Prisoner of Azkaban (Harry Potter, #3)",J.K. Rowling,"Rowling, J.K.",Mary GrandPré,"=""043965548X""","=""9780439655484""",4,4.57,Scholastic Inc.,Mass Market Paperback,435,2004,1999,,2018/10/18,,,read,,,,1,,,0,,,,,
3,"Harry Potter and the Sorcerer's Stone (Harry Potter, #1)",J.K. Rowling,"Rowling, J.K.",Mary GrandPré,"=""""","=""""",4,4.47,Scholastic Inc,Hardcover,309,2003,1997,,2018/10/18,,,read,,,,1,,,0,,,,,
3228917,Outliers: The Story of Success,Malcolm Gladwell,"Gladwell, Malcolm",,"=""0316017922""","=""9780316017923""",4,4.16,"Little, Brown and Company",Hardcover,309,2008,2008,,2018/10/18,,,read,,,,1,,,0,,,,,
16902,Walden,Henry David Thoreau,"Thoreau, Henry David",,"=""""","=""""",5,3.78,Princeton University Press,Paperback,352,2004,1854,,2018/10/18,,,read,,,,1,,,0,,,,,
4865,How to Win Friends and Influence People,Dale Carnegie,"Carnegie, Dale",,"=""""","=""""",5,4.20,Gallery Books,Paperback,288,1998,1936,,2018/10/18,,,read,,,,1,,,0,,,,,
43369,God Is Not Great: How Religion Poisons Everything,Christopher Hitchens,"Hitchens, Christopher",,"=""0446579807""","=""9780446579803""",4,3.95,Twelve,Hardcover,307,2007,2007,,2018/10/18,,,read,,,,1,,,0,,,,,
29501,"The End of Faith: Religion, Terror, and the Future of Reason",Sam Harris,"Harris, Sam",,"=""0393327655""","=""9780393327656""",3,3.88,W. W. Norton  Company,Paperback,348,2005,2004,,2018/10/18,,,read,,,,1,,,0,,,,,
14743,The God Delusion,Richard Dawkins,"Dawkins, Richard",,"=""0618680004""","=""9780618680009""",4,3.89,Houghton Mifflin Co. (Boston/NY),Hardcover,374,2006,2006,,2018/10/18,,,read,,,,1,,,0,,,,,
